frequency_ghz,real,imag,magnitude
6.0,0.0357174575328827,-0.03630268201231957,0.050927610329769744
6.018,0.03547469282835875,-0.03722411747865914,0.051420703547612266
6.036,0.03520556470167575,-0.0381565031812482,0.05191676531703879
6.054,0.03490890539334006,-0.03909927947098032,0.05241550658832737
6.072,0.03458352529119623,-0.04005180875471015,0.05291660992628577
6.09,0.03422821649927221,-0.04101337024502514,0.0534197280372763
6.108,0.03384175700491937,-0.04198315465366757,0.053924482304921376
6.126,0.03342291549110308,-0.04296025887663611,0.054430461349073735
6.144,0.03297045683962259,-0.0439436807275558,0.0549372196247569
6.162,0.032483148368740764,-0.04493231378514322,0.055444276079972384
6.18,0.031959766845234765,-0.04592494243033008,0.05595111289358684
6.198,0.03139910630584096,-0.04692023715881831,0.05645717431686832
6.216,0.030799986716377462,-0.04791675026528294,0.0569618656446093
6.234,0.030161263488194263,-0.04891291200597593,0.0574645523441071
6.252,0.02948183786099427,-0.04990702735676474,0.05796455937252365
6.27,0.02876066814807122,-0.050897273493412,0.058461170715156385
6.288,0.027996781824796854,-0.0518816981298183,0.058953629179032456
6.306,0.027189288423390655,-0.05285821885738814,0.059441136477576435
6.324,0.026337393176870234,-0.053824623634425216,0.05992285364316837
6.342,0.02544041133246996,-0.054778572577702266,0.060397901804746995
6.36,0.024497783030011152,-0.05571760120868845,0.06086536336732035
6.378,0.0235090886140622,-0.05663912530361281,0.061324283629099016
6.396,0.022474064220450795,-0.05754044748915256,0.06177367286989555
6.414,0.02139261744866319,-0.05841876571323576,0.06221250894123125
6.432,0.02026484290235044,-0.05927118370299079,0.06263974038428499
6.45,0.019091037351652042,-0.06009472349860691,0.06305429009620353
6.468,0.01787171424426103,-0.060886340122631596,0.063455059558378
6.486,0.016607617268414383,-0.061642938408876004,0.06384093363207195
6.504,0.015299732651411522,-0.06236139197371338,0.06421078591719456
6.522,0.013949299863462597,-0.0630385642656277,0.06456348465930624
6.54,0.012557820389758917,-0.06367133157695244,0.06489789917804478
6.558,0.01112706423518006,-0.06425660784598647,0.06521290677746786
6.576,0.009659073837085499,-0.06479137101937145,0.0655074000854874
6.594,0.008156165083220573,-0.06527269068545016,0.06578029475597688
6.612,0.006620925164531932,-0.06569775663133938,0.06603053745370417
6.63,0.00505620703696804,-0.06606390792180833,0.06625711402937691
6.648,0.0034651203218968633,-0.06636866204920051,0.0664590577803072
6.666,0.0018510185409569967,-0.06660974366300097,0.0666354576820004
6.684,0.0002174826566187314,-0.06678511235762853,0.06678546646784013
6.702,-0.0014316990273072446,-0.06689298897981642,0.06690830842846525
6.72,-0.0030925544629510785,-0.06693187991436317,0.06700328679980595
6.7379999999999995,-0.004760954720930415,-0.0669005988204628,0.06706979060941863
6.756,-0.006432643796363571,-0.06679828532097917,0.06710730085492812
6.774,-0.008103270951687313,-0.06662442019396506,0.06711539589616139
6.792,-0.0097684251126456,-0.06637883667869203,0.06709375595387275
6.81,-0.011423670768058232,-0.06606172758593186,0.06704216662261787
6.828,-0.013064584772427343,-0.06567364799193302,0.0669605213229726
6.846,-0.014686793415569225,-0.06521551339451336,0.06684882263840972
6.864,-0.016286009107034295,-0.06468859331447825,0.06670718250413792
6.882,-0.017858066026100957,-0.06409450043230873,0.06653582123833601
6.9,-0.01939895411068212,-0.06343517545478136,0.06633506542973518
6.918,-0.02090485079978466,-0.06271286800492053,0.06610534471859171
6.936,-0.022372150002558946,-0.061930113917811225,0.06584718752999306
6.954,-0.023797487840056357,-0.06108970940113071,0.06556121583842256
6.9719999999999995,-0.025177764790564012,-0.060194682580246225,0.06524813905994227
6.99,-0.02651016396232977,-0.05924826299160167,0.06490874718273035
7.008,-0.027792165314939023,-0.058253849613922645,0.06454390325766188
7.026,-0.0290215557488179,-0.057214978034395625,0.06415453537793037
7.044,-0.030196435077749433,-0.05613528733711083,0.0637416282803062
7.061999999999999,-0.031315217988676376,-0.055018487275113916,0.06330621470061366
7.08,-0.0323766321736759,-0.05386832624737161,0.06284936661258227
7.098,-0.03337971288867617,-0.052688560550269554,0.06237218647273699
7.116,-0.03432379425069254,-0.051482925312653666,0.06187579858484373
7.134,-0.03520849762925797,-0.050255107456711405,0.061361340686095465
7.152,-0.03603371751802013,-0.04900872095701607,0.060829955844231356
7.17,-0.03679960528951819,-0.04774728459941019,0.06028278474059911
7.188,-0.03750655124074644,-0.046474202372524066,0.0597209583993514
7.2059999999999995,-0.038155165330396444,-0.04519274655955931,0.05914559140786781
7.224,-0.038746256992156836,-0.04390604353819758,0.05855777565857812
7.242,-0.03928081438372795,-0.04261706224332623,0.057958574627922234
7.26,-0.03975998339992475,-0.041328605201455926,0.057349018194386744
7.278,-0.04018504674214383,-0.040043302007760635,0.05673009798469426
7.295999999999999,-0.0405574032969949,-0.038763605086587896,0.05610276322521054
7.314,-0.040878548035492755,-0.03749178755388844,0.055467917064515704
7.332,-0.041150052602012155,-0.036229942984966526,0.0548264133227981
7.35,-0.041373546720158055,-0.03497998688245532,0.05417905361393689
7.368,-0.04155070050139442,-0.03374365963701738,0.053526584776683206
7.386,-0.04168320770212195,-0.03252253077600894,0.05286969654173067
7.404,-0.041772769935854576,-0.03131800430258173,0.052209019351165405
7.422,-0.04182108180903813,-0.030131324938729703,0.05154512223519869
7.4399999999999995,-0.04182981691104402,-0.028963585099904734,0.050878510637113655
7.458,-0.0418006145500516,-0.027815732445716935,0.050209624060071345
7.476,-0.04173506708510955,-0.026688577870480137,0.04953883338702352
7.494,-0.04163470765838467,-0.025582803819021716,0.048866437695433744
7.512,-0.04150099807712883,-0.024498972837524707,0.048192660348767055
7.529999999999999,-0.041335316527614935,-0.023437536297058366,0.047517644092632
7.548,-0.04113894471651133,-0.02239884326037424,0.046841444808961526
7.566,-0.04091305391922846,-0.021383149503108195,0.046164023477920244
7.584,-0.040658689255486456,-0.020390626753005302,0.04548523575133568
7.602,-0.04037675128825654,-0.019421372282138652,0.04480481833369208
7.62,-0.04006797372055169,-0.018475419088833284,0.044122371067054474
7.638,-0.03973289549400463,-0.01755274705721082,0.04343733317771611
7.656,-0.039371824891931244,-0.01665329571530272,0.04274895149009174
7.6739999999999995,-0.03898479218426465,-0.01577697958395493,0.0420562374261278
7.692,-0.03857148569938212,-0.014923707718260376,0.0413579080844003
7.71,-0.03813116358661773,-0.014093410074960632,0.040652304289060956
7.728,-0.03766252927051426,-0.013286075140429305,0.03993727461519472
7.7459999999999996,-0.03716355147135012,-0.012501806506740026,0.03921000795582241
7.763999999999999,-0.03663119737988046,-0.01174091217968244,0.03846678619659792
7.782,-0.036061025646365194,-0.01100405231775346,0.03770260916806241
7.8,-0.035446545156776046,-0.010292495530366187,0.03691060860774273
7.818,-0.03477816668150774,-0.009608586804868868,0.03608110056682633
7.836,-0.03404141373839138,-0.008956652570155528,0.03519999253651647
7.854,-0.03321371268990788,-0.008344874349427493,0.0342459871890924
7.872,-0.032258289044266995,-0.007789501978915516,0.03318544188560708
7.89,-0.03111176762855106,-0.007325363071654517,0.031962525386841974
7.9079999999999995,-0.029657215778005758,-0.007035835161492884,0.030480377689964627
7.926,-0.027663766913624405,-0.007154923878534381,0.02857406053676939
7.944,-0.024693819927516007,-0.008505532141867223,0.026117595977212818
7.962,-0.021146568044700623,-0.014716648785916777,0.02576348368441619
7.9799999999999995,-0.0333300487376536,-0.02598021000030795,0.042259477759604
7.997999999999999,-0.04208875276300914,-0.012789890147085172,0.04398913955876173
8.016,-0.03887891944037718,-0.006581766943249557,0.03943209394575174
8.033999999999999,-0.03619163855910322,-0.004197171423584387,0.0364342002732559
8.052,-0.034213650679582396,-0.0028795722162572985,0.03433461560834968
8.07,-0.03261400695342295,-0.0019462979124212532,0.032672029706184706
8.088,-0.03120159851981115,-0.0011830047844088834,0.031224017206493714
8.106,-0.02986556268801244,-0.0005064449583108383,0.029869856396832567
8.123999999999999,-0.028530336328825893,0.00012059617642169154,0.02853059120441934
8.142,-0.027131939056485824,0.0007151504830206851,0.027141362478295475
8.16,-0.02560257155538156,0.0012817757426580422,0.025634637101057227
8.178,-0.02385585522285221,0.001811619596115107,0.023924543756876814
8.196,-0.021766518473795755,0.0022720702650034204,0.021884780779327095
8.214,-0.01913640939129379,0.002576107581112681,0.01930902624838092
8.232,-0.015635643632022238,0.00249421138277667,0.015833333262758358
8.25,-0.010726910053587214,0.0013825919420663742,0.010815644214563333
8.268,-0.0038409784901887187,-0.0026881415396928783,0.004688200155658332
8.286,0.002868003377171287,-0.014829666821543254,0.015104451708335747
8.304,-0.005606623415798629,-0.03518852280454195,0.035632378019048214
8.322,-0.028216287370250413,-0.03611014107608522,0.04582686069867027
8.34,-0.037357073169240584,-0.024720854530979927,0.04479588780807749
8.358,-0.03831861072706407,-0.016433796186440645,0.041693951421635976
8.376,-0.03725097508614604,-0.011408171273775965,0.03895871554197443
8.394,-0.03584834698667492,-0.008225182804136165,0.03677985336890975
8.411999999999999,-0.034503252856662746,-0.006067293119861809,0.035032649107555776
8.43,-0.03329030051827431,-0.004513619001954797,0.03359489343772089
8.448,-0.032206770137150065,-0.003339233414073926,0.032379415103749004
8.466,-0.031233542613156435,-0.0024166783289412855,0.03132689768096154
8.484,-0.03035086164627829,-0.001669551260145424,0.03039674660357223
8.501999999999999,-0.02954198047518737,-0.0010497393086553184,0.029560625213491138
8.52,-0.02879349633610731,-0.0005256360740714304,0.028798293778274267
8.538,-0.028094862806632297,-7.571499074327175e-05,0.028094964831501642
8.556,-0.027437793471504292,0.0003151460443636094,0.027439603269985548
8.574,-0.026815744523435648,0.0006578565757994319,0.026823812734592587
8.591999999999999,-0.02622350719024242,0.0009604698206623377,0.026241090519128565
8.61,-0.02565689762339119,0.0012290494080344277,0.025686318500411195
8.628,-0.025112523603153174,0.0014682392713223997,0.02515540833055148
8.646,-0.024587609195454142,0.0016816478584182628,0.02464504951238897
8.664,-0.0240798624286796,0.001872112923422891,0.024152527432593517
8.682,-0.02358737478892252,0.002041887562765226,0.02367558983958104
8.7,-0.023108544309625077,0.002192773105355233,0.023212347447026438
8.718,-0.02264201626174385,0.0023262153640869095,0.02276119896484337
8.736,-0.02218663707794624,0.0024433751092773695,0.0223207738833835
8.754,-0.021741418320895385,0.0025451800374519263,0.021889888351181906
8.772,-0.021305508356060005,0.0026323631782207996,0.021467510852732682
8.79,-0.020878170007506396,0.0027054911338427997,0.02105273533623699
8.808,-0.020458762928987448,0.0027649844937212087,0.02064476010601794
8.826,-0.02004672976138526,0.0028111320318426137,0.02024287127426495
8.844,-0.01964158540667968,0.00284409976606076,0.019846429924981444
8.862,-0.019242908954396603,0.0028639355600373357,0.01945486242354963
8.879999999999999,-0.018850337969405485,0.002870569630889226,0.01906765354118313
8.898,-0.01846356500723939,0.0028638110512536927,0.018684342282077732
8.916,-0.018082336381301755,0.0028433400740637323,0.018304520528637885
8.934,-0.017706453383542143,0.0028086958350968514,0.017927834886500973
8.952,-0.01733577637930302,0.0027592586744060827,0.01755399245486581
8.969999999999999,-0.016970232490060643,0.002694225929992556,0.01718277172427528
8.988,-0.016609827992616552,0.002612579552503466,0.016814040497824062
9.006,-0.016254667175079698,0.002513043208951223,0.01644778377601886
9.024,-0.015904980320358003,0.002394025601605277,0.01608414615614136
9.042,-0.015561164938980711,0.0022535454018541693,0.01572349583064722
9.059999999999999,-0.01522384668876368,0.002089131307116035,0.015366521324663993
9.078,-0.014893970197809152,0.0018976880081258442,0.015014378709404258
9.096,-0.014572936317311342,0.001675314928074715,0.01466891792248637
9.114,-0.01426281312406066,0.001417058956933451,0.014333035069352977
9.132,-0.013966666935333641,0.0011165744639206408,0.01401122849060787
9.15,-0.01368909376642524,0.0007656532544105399,0.013710489161659107
9.168,-0.013437095098197481,0.0003535748110153236,0.0134417461598182
9.186,-0.013221563175880533,-0.00013378081971887693,0.013222239981240877
9.204,-0.01305988012751472,-0.0007150955130016527,0.013079443051512898
9.222,-0.012980618239154246,-0.001414962169230707,0.013057510015734927
9.24,-0.013032317250412505,-0.0022648331863562923,0.01322765142712115
9.258,-0.013300290458719794,-0.0033012291999642003,0.013703862248176938
9.276,-0.013938825196704792,-0.004552918542376497,0.014663557382770667
9.294,-0.015228135087036696,-0.00598921819655495,0.016363582518354073
9.312,-0.017637711018323586,-0.0073452964425085926,0.01910607834680426
9.33,-0.021669932777797836,-0.007665372737456958,0.02298573309247337
9.347999999999999,-0.026642863904238315,-0.0049364205977712955,0.027096317929524404
9.366,-0.029005344723882855,0.001451319265729946,0.029041631327498766
9.384,-0.026643764502479718,0.007457294399026535,0.027667696445807535
9.402,-0.022461527958512712,0.01028713956475243,0.024705171091408032
9.42,-0.018849291463353145,0.010897269317643028,0.02177260359377541
9.437999999999999,-0.016197932729779676,0.010578747572475972,0.019346393072628136
9.456,-0.014278632412434569,0.009961777201732787,0.017410236890587967
9.474,-0.01284421254237596,0.009286430607864774,0.015849655809146636
9.491999999999999,-0.01172477389432943,0.008633954420588952,0.01456075175978069
9.51,-0.010812915437804495,0.0080266234111248,0.013466470348577888
9.527999999999999,-0.010040940368486106,0.007465709214574098,0.012512285864703957
9.546,-0.00936517534529744,0.00694559087297245,0.011659663023556265
9.564,-0.008756481138788642,0.00645894294175885,0.010880896372030097
9.582,-0.008194619814520859,0.005998553955690371,0.010155512959169836
9.6,-0.007664851274167239,0.005557853408208822,0.009467823380389052
9.618,-0.0071557953573830714,0.0051309360799145975,0.0088052207384548
9.636,-0.006658002984220539,0.0047123775504746045,0.008156929932033659
9.654,-0.006162904571533029,0.004296930479476136,0.007512989039208943
9.672,-0.005661920418910633,0.0038790877236947363,0.006863283791174336
9.69,-0.005145571834025702,0.003452411311648116,0.00619645490291945
9.708,-0.004602453374145746,0.0030083946380954764,0.0054984557249928975
9.725999999999999,-0.004017955623567167,0.0025343592278659808,0.004750467775790556
9.744,-0.003372786836915328,0.0020092988704996408,0.0039259359391437395
9.762,-0.00264210184884237,0.0013952663646090535,0.0029878872816533147
9.78,-0.0017992578214932771,0.0006192067440764206,0.0019028257145924992
9.798,-0.0008407729868059091,-0.0004628115397196735,0.000959736284945101
9.815999999999999,0.00010996999515403771,-0.0021093107174167533,0.0021121754431020537
9.834,0.0005181632041755473,-0.00457209668556458,0.004601365146161744
9.852,-0.0005996479483097839,-0.007277506564187963,0.0073021695032169055
9.87,-0.0029234003351084406,-0.008521568456323254,0.009009073119645307
9.888,-0.004608845437066216,-0.008237045204557475,0.009438769515391791
9.905999999999999,-0.005224883287721601,-0.00770234593253348,0.009307284149241793
9.924,-0.005263611934934875,-0.007472852150209274,0.009140521312292654
9.942,-0.0050842984218798775,-0.007582406997760936,0.00912923799242983
9.959999999999999,-0.004848620553031326,-0.007962737130022756,0.009322784126489299
9.978,-0.00462493719533086,-0.008557145483791826,0.009727013050856555
9.995999999999999,-0.004445802601470079,-0.009332460064004462,0.010337309689540905
10.014,-0.004332090664157984,-0.01027354106228265,0.011149558533004457
10.032,-0.0043033599480366835,-0.011377685130971728,0.012164317727760214
10.05,-0.004383289419545442,-0.012650895435188426,0.013388740846232344
10.068,-0.004603779066917923,-0.014105388358217287,0.014837680493699932
10.085999999999999,-0.005009358465139369,-0.015757416222035598,0.01653450447478648
10.104,-0.005662888002022044,-0.017624333990327312,0.01851176515424858
10.122,-0.006653293679263947,-0.01971933678713693,0.020811500669270955
10.14,-0.00810571201145649,-0.02204117365181446,0.023484375724342983
10.158,-0.010193151526934195,-0.024554103141319623,0.02658579167761613
10.175999999999998,-0.01314486337248409,-0.02715038874286705,0.030165063268126516
10.193999999999999,-0.01723647858344944,-0.029585621948245554,0.03424040332738825
10.212,-0.02272593145360054,-0.03138485513265981,0.03874889794731965
10.23,-0.029672711145574245,-0.03175943456004854,0.04346414005019185
10.248,-0.03760225993769631,-0.02968147907699493,0.04790532488795133
10.266,-0.04519309826244007,-0.02435825544473158,0.05133946570494632
10.283999999999999,-0.05053576827049217,-0.01605669781565759,0.05302529037574643
10.302,-0.05224925817809657,-0.006424701396907329,0.05264277508073463
10.32,-0.05044213839122084,0.002439246899806098,0.0505010816806659
10.338000000000001,-0.04637353055359618,0.009239962340342332,0.04728510590086759
10.356,-0.04142578047620628,0.013774380316609713,0.043655799628107124
10.373999999999999,-0.036515902727842824,0.016453972086310192,0.04005177086529825
10.392,-0.03207587515789029,0.017823011010269226,0.03669497906548989
10.41,-0.028234072012978253,0.018337360132769143,0.033666327377260996
10.428,-0.024973490113360485,0.018320136313343147,0.03097261052900753
10.446,-0.022223079489213024,0.01798345302318576,0.028587931800342074
10.463999999999999,-0.019900835652451064,0.017461439047967035,0.026475368048277163
10.482,-0.01793103543531716,0.016837282529615274,0.02459707532949166
10.5,-0.016249503940343857,0.016161935403943062,0.022918432195690844
10.518,-0.014803942247900985,0.015466195287863268,0.021409341483602705
10.536,-0.013552524245414912,0.014768281775897781,0.020044277488472203
10.553999999999998,-0.012462118977108383,0.014078526308846625,0.018801843325283066
10.572,-0.011506665399592976,0.013402251655963517,0.01766419253937091
10.59,-0.010665884999151257,0.012741512852336382,0.016616475335683348
10.608,-0.009924409494323284,0.012096101475223331,0.015646391747297976
10.626,-0.009271430790127915,0.011464039447775253,0.014743935341566004
10.643999999999998,-0.00870117372250066,0.01084167985291237,0.013901526757237206
10.661999999999999,-0.008215082041133208,0.010223532492470268,0.013115189269207848
10.68,-0.007828507128291737,0.009602486003333539,0.012389239738657536
10.698,-0.007591485252797316,0.008975656977907167,0.011755554709518933
10.716,-0.007654937866180824,0.008400768997984899,0.011365341767522578
10.734,-0.008265200071036817,0.008474847301840782,0.011837929253200704
10.751999999999999,-0.007346768308687806,0.009913493536163021,0.012339058257139622
10.77,-0.005627420437424462,0.009217761161837524,0.010799767664918667
10.788,-0.0049795840163273115,0.008266622756083392,0.009650560023493881
10.806000000000001,-0.004620619976708307,0.007538223783657092,0.008841659730030855
10.824,-0.004343133776053043,0.006935229283450089,0.008182922229296598
10.841999999999999,-0.004100654428653185,0.006400739840707454,0.00760163385409036
10.86,-0.0038799084102226636,0.0059076568745721455,0.007067821377156902
10.878,-0.0036760780284691395,0.005442042037896553,0.006567295578366092
10.896,-0.0034869552643536847,0.0049960234628880435,0.006092545236379596
10.914,-0.0033112776178691756,0.004564769870285071,0.005639298132858711
10.931999999999999,-0.003148181524440618,0.004145098856217924,0.005205083230712876
10.95,-0.00299700137035405,0.003734785334382727,0.004788594648518952
10.968,-0.002857187992601067,0.003332193492173912,0.0043894232758245
10.986,-0.0027282722644085726,0.002936068945229215,0.004007988323321373
11.004,-0.002609846972683124,0.0025454151642926625,0.003645605516156995
11.021999999999998,-0.002501556626938343,0.002159416617805126,0.0033046733101824255
11.04,-0.002403090958416867,0.0017773890179486546,0.002988972712412975
11.058,-0.002314180288693517,0.0013987459316700313,0.002704056321517929
11.076,-0.0022345919521891333,0.0010229756271089765,0.002457616798129327
11.094,-0.0021641273911620815,0.0006496245252888266,0.0022595263638724664
11.111999999999998,-0.002102619735524065,0.00027828503516506283,0.002120955518866935
11.129999999999999,-0.0020499317689422524,-9.141362901426208e-05,0.0020519689834128264
11.148,-0.00200595422500361,-0.00045981255584061554,0.0020579795769925685
11.166,-0.0019706043781612583,-0.0008272287735889891,0.002137191862955187
11.184,-0.0019438249051977584,-0.00119395982622741,0.002281226715763267
11.202,-0.001925582999242543,-0.0015602875743266358,0.002478379955045232
11.219999999999999,-0.0019158697223411656,-0.0019264814243191,0.0027169629131127576
11.238,-0.0019146995852350461,-0.0022928011343498478,0.002987141031718323
11.256,-0.0019221103447441882,-0.00265949930743939,0.0032813784822301765
11.274000000000001,-0.0019381630099588542,-0.003026823656989097,0.003594181033793598
11.292,-0.001962942048069271,-0.0033950191121427044,0.0039216445856161694
11.309999999999999,-0.0019965557785414775,-0.0037643298188782667,0.004261034377017328
11.328,-0.0020391369395234204,-0.004135001085625227,0.004610456966098994
11.346,-0.002090843401254578,-0.0045072813190680065,0.0049686226479568
11.364,-0.002151858985204802,-0.004881423996708822,0.00533467874645244
11.382,-0.0022223943202191337,-0.0052576897286785535,0.005708094059981337
11.399999999999999,-0.002302687620395628,-0.005636348474521275,0.006088579013477741
11.418,-0.002393005190187957,-0.006017682005961375,0.00647603046357395
11.436,-0.0024936413257189293,-0.006401986753446047,0.006870493537776738
11.454,-0.0026049170415306596,-0.006789577261729409,0.007272135325078175
11.472,-0.0027271766200261537,-0.007180790648240347,0.007681226897486709
11.489999999999998,-0.0028607801773006783,-0.007575992796205131,0.008098131270298632
11.508,-0.0030060888852130926,-0.007975587728549826,0.008523295724166578
11.526,-0.003163436341782026,-0.008380033209141628,0.008957247684128412
11.544,-0.003333072841216566,-0.00878986947005985,0.00940059465488996
11.562,-0.0035150538721223485,-0.00920577806637234,0.009854032348801396
11.579999999999998,-0.003709005997556837,-0.009628717313732528,0.010318377905353397
11.597999999999999,-0.003913599683870275,-0.010060278940125813,0.010794696607071847
11.616,-0.004125248389349463,-0.010503800486819455,0.011284834909768905
11.634,-0.004334573991345476,-0.010968732927290337,0.011794135564621593
11.652,-0.004517824659240464,-0.011494490735378666,0.012350467882527657
11.67,-0.004723535384982824,-0.012319507077336313,0.013194015354005178
11.687999999999999,-0.005807722483737785,-0.012869709742491794,0.014119457117895914
11.706,-0.006132300011813618,-0.012945023365318739,0.014324061343192349
11.724,-0.006429836312168574,-0.013341452680803828,0.014810035605474054
11.742,-0.006803648110094002,-0.013812527547247927,0.015397257705496409
11.76,-0.007236728689890916,-0.014314007181580851,0.01603935920557422
11.777999999999999,-0.007723828267232639,-0.01483606675943322,0.016726218938901322
11.796,-0.008266072579851234,-0.015376088631279714,0.017457149179987485
11.814,-0.008868022821843626,-0.01593346893787384,0.018235055831088916
11.832,-0.009536723209707764,-0.016508185051935628,0.01906486987334374
11.85,-0.01028154788867709,-0.017100211794575344,0.0199531318445625
11.867999999999999,-0.011114436943120623,-0.017709125058371626,0.02090798457278105
11.886,-0.012050396142785419,-0.01833367139299135,0.021939360837185916
11.904,-0.013108241088740332,-0.01897117066760461,0.023059299662824148
11.922,-0.014311612609345888,-0.019616607139625347,0.02428237078932756
11.94,-0.015690310519997915,-0.020261197098183987,0.025626196597728204
11.957999999999998,-0.017281987542445656,-0.020890091995943355,0.02711204597621182
11.975999999999999,-0.019134186922582612,-0.021478652507317984,0.028765424083758064
11.994,-0.02130651982142511,-0.021986355963502353,0.030616460204514445
12.012,-0.023872277596089758,-0.022346805585001607,0.03269962320086622
12.03,-0.026917535075645326,-0.022451463899562433,0.03505170360741332
12.047999999999998,-0.03053290264538413,-0.022123895013766,0.03770576712563537
12.065999999999999,-0.03478677947774812,-0.021081904021870365,0.04067636541802662
12.084,-0.0396570976899542,-0.018892188923563254,0.043927214793498766
12.102,-0.04488399820866524,-0.014950283699081244,0.047308395427011464
12.12,-0.04971987589979715,-0.008591714586865183,0.050456749984847234
12.138,-0.052701444968611705,0.0004644621775183861,0.052703491600594676
12.155999999999999,-0.05194058082181402,0.011297864416072912,0.05315510959890273
12.174,-0.046447351574898516,0.021413242444395162,0.051145707740774045
12.192,-0.037455074078107095,0.028083982050990212,0.04681444885969321
12.21,-0.02766252595320023,0.03037892125014987,0.0410864235293641
12.228,-0.01919855185078377,0.029294422579818364,0.03502495663740649
12.245999999999999,-0.012811613225771857,0.026384661044805992,0.02933066265695467
12.264,-0.00834841544357244,0.022817711754711714,0.02429699590771641
12.282,-0.005365161356221375,0.019233262840794033,0.01996755758427554
12.3,-0.003433162257773356,0.015910913621712264,0.016277093578578098
12.318,-0.0022241340523832575,0.012939568451379726,0.013129326105741766
12.335999999999999,-0.0015078030992299837,0.01032114867121005,0.01043070371927362
12.354,-0.001128100237204348,0.00802350168353773,0.008102418738309771
12.372,-0.0009803381305022142,0.0060048122979534544,0.006084310444394633
12.39,-0.0009942271281033757,0.0042239087633788586,0.004339342441385031
12.408,-0.0011222958497566018,0.0026440377844359907,0.002872365537306503
12.425999999999998,-0.0013322655673560849,0.0012337745776807474,0.00181580044346672
12.443999999999999,-0.0016020991385414071,-3.3233722754845364e-05,0.0016024437993400159
12.462,-0.0019168228946047972,-0.0011789299674124852,0.0022503523895924206
12.48,-0.00226655525780852,-0.0022215823086765155,0.003173751831968581
12.498,-0.0026454547521191194,-0.0031764350209118374,0.004133784015594528
12.515999999999998,-0.003051602313491214,-0.004056103260420321,0.005075849715948777
12.533999999999999,-0.003488349897572619,-0.0048701109812095585,0.005990539706670246
12.552,-0.003968617358735167,-0.00562058413772847,0.006880471625502062
12.57,-0.004520273600334596,-0.006278242663381233,0.0077362267522470005
12.588,-0.005106097766057402,-0.006702540281483926,0.008425929065773758
12.606,-0.005346910384116588,-0.006980167859109977,0.008792735296659724
12.623999999999999,-0.00551885963118904,-0.0075821224673263046,0.009377973807721067
12.642,-0.0058749753229894825,-0.008219120878409068,0.010102934378666191
12.66,-0.0063037007720085254,-0.008792470884622178,0.010818696209800402
12.678,-0.006758920401379729,-0.009313646468886076,0.01150769375416209
12.696,-0.007227846186529556,-0.009795742039743142,0.01217367334066924
12.713999999999999,-0.007706892687664532,-0.010246872555935968,0.012821645451219228
12.732,-0.008195269321605112,-0.010672143877413961,0.01345574576877351
12.75,-0.00869319532379384,-0.011075002442021786,0.014079322569939918
12.768,-0.009201340866166658,-0.011457922787281903,0.014695192014216844
12.786,-0.009720637333556987,-0.011822757154429668,0.015305828200497999
12.803999999999998,-0.010252214042733613,-0.012170919624428943,0.01591349041795463
12.822,-0.010797384248032515,-0.012503484928764113,0.016520309983880203
12.84,-0.011357653505148536,-0.012821239229201477,0.01712835276713519
12.858,-0.011934740380655182,-0.013124700405708848,0.01773966709646084
12.876,-0.012530605708793168,-0.01341411575505408,0.018356322641510475
12.893999999999998,-0.013147489014127708,-0.013689439805324445,0.01898044334466954
12.911999999999999,-0.013787951616765092,-0.013950291667664535,0.019614235835208202
12.93,-0.014454926074830633,-0.01419588877255685,0.020260013471654556
12.948,-0.01515177117920688,-0.014424951327262047,0.020920214880849653
12.966,-0.015882330586787098,-0.014635568967116087,0.021597414286418745
12.983999999999998,-0.016650991006092228,-0.014825017535530238,0.022294318702614422
13.001999999999999,-0.01746273197060617,-0.014989509454006594,0.02301374375343968
13.02,-0.01832315252490715,-0.01512385558437671,0.023758554800073467
13.038,-0.019238448759417378,-0.015221009992124584,0.024531552251112945
13.056,-0.020215297117829326,-0.015271462500095364,0.02533526799648935
13.074,-0.021260567274259182,-0.015262440027133398,0.02617162196741242
13.091999999999999,-0.022380738790251497,-0.0151768828372808,0.027041361678991252
13.11,-0.023580820142299085,-0.014992189964690284,0.027943171590226086
13.128,-0.024862461953938625,-0.014678807436635667,0.028872294716092036
13.145999999999999,-0.02622082764273146,-0.01419891548314373,0.029818467485222794
13.164,-0.0276396883310627,-0.013505839997329726,0.030762966129288558
13.181999999999999,-0.029084307817612898,-0.012545467561331666,0.03167468575317021
13.2,-0.030492348446795697,-0.011261894451234506,0.03250559306383365
13.218,-0.031764883548021317,-0.009610408917069435,0.03318686165295904
13.236,-0.03276316530102712,-0.007580350246130943,0.03362865906331153
13.254,-0.03332104649563992,-0.0052257897871407135,0.03372834147218006
13.271999999999998,-0.03328289213947104,-0.0026914169659185837,0.0333915353712898
13.29,-0.03256414398771522,-0.00020966613359640803,0.03256481895451327
13.308,-0.031206464278156723,0.0019502154603156933,0.03126734323676263
13.326,-0.029385301485875696,0.0035677463578855555,0.029601093856308994
13.344,-0.02735401966354276,0.004541812232089855,0.02772851330499068
13.361999999999998,-0.02535868875224698,0.004902981442113729,0.025828324031091317
13.379999999999999,-0.02357562809194819,0.004771335815143571,0.024053604415777866
13.398,-0.02209469095790976,0.004297892509932928,0.022508826014532097
13.416,-0.020935843980334618,0.0036216971818213003,0.021246793961577488
13.434,-0.020075646936582495,0.0028508599625290763,0.020277056059701207
13.451999999999998,-0.0194680898693022,0.0020583059329309576,0.01957659690734745
13.469999999999999,-0.019066551700234444,0.001279486343264658,0.01910943429409447
13.488,-0.018843062222003947,0.0005409689038061309,0.018850826009944432
13.506,-0.018759375410696746,-0.0001331018038718456,0.018759847597719113
13.524,-0.018780532311217502,-0.0007381279009269226,0.018795031968337043
13.542,-0.018881891507134548,-0.0012757910085692274,0.01892494305367247
13.559999999999999,-0.019044988464333838,-0.0017495435906430775,0.019125179433986214
13.578,-0.019255590974207697,-0.002163699184456045,0.019376774187846765
13.596,-0.019502671948813333,-0.0025228998463162015,0.01966517827983191
13.613999999999999,-0.019777674042798777,-0.0028317629548166422,0.019979371160661397
13.632,-0.020073942031342776,-0.003094674531234124,0.020311084637014816
13.649999999999999,-0.020386283170874004,-0.00331568472762547,0.020654159550465116
13.668,-0.020710628997828696,-0.003498467592163618,0.021004033635926265
13.686,-0.021043776506483307,-0.003646318556541683,0.021357344607197754
13.704,-0.021383190527558327,-0.0037621725350618323,0.021711627744631073
13.722,-0.021726852825039788,-0.0038486321116611793,0.022065087872289314
13.739999999999998,-0.02207314666231576,-0.003907999571862608,0.022416428444999432
13.758,-0.022420768238383928,-0.003942309220424966,0.02276472381534143
13.776,-0.022768658479929475,-0.003953358068532313,0.023109323854100406
13.794,-0.023115950276560365,-0.003942733959194006,0.02344978269113368
13.812,-0.023461927459152453,-0.003911840775336941,0.023785805396288783
13.829999999999998,-0.023805992732127475,-0.003861920700029754,0.024117207994612984
13.847999999999999,-0.02414764245182702,-0.003794073671320276,0.024443887395516374
13.866,-0.024486446651909046,-0.0037092742565966344,0.024765798697951136
13.884,-0.024822033096452773,-0.00360838620088695,0.02508293798613209
13.902,-0.02515407442495566,-0.0034921749030518852,0.025395329210894546
13.919999999999998,-0.025482277664968144,-0.0033613180572520875,0.025703014104897177
13.937999999999999,-0.025806375545681926,-0.0032164146725765083,0.026006044338782775
13.956,-0.026126119162478492,-0.003057992656035081,0.026304475314599802
13.974,-0.02644127162779059,-0.002886515115835613,0.026598361130125127
13.991999999999999,-0.02675160240439161,-0.002702385514306086,0.02688775034603271
14.01,-0.02705688205810366,-0.0025059517734840183,0.02717268225621386
14.027999999999999,-0.02735687719086967,-0.0022975094113680955,0.027453183406148916
14.046,-0.027651345323720468,-0.0020773037628851834,0.027729264128983567
14.064,-0.027940029492568796,-0.0018455313164643288,0.028000914875869053
14.081999999999999,-0.02822265229677456,-0.0016023401743484181,0.02826810210641962
14.1,-0.0284989090981887,-0.0013478296221687163,0.02853076347518969
14.117999999999999,-0.0287684600019496,-0.0010820487707855096,0.028788801997063587
14.136,-0.02903092015184709,-0.0008049942114203546,0.02904207879170053
14.154,-0.029285847730626605,-0.0005166066050207106,0.02929040388396511
14.171999999999999,-0.02953272885111121,-0.00021676611170593779,0.029533524356914136
14.19,-0.02977095823017143,9.471343761958135e-05,0.02977110889063217
14.208,-0.02999981411286922,0.00041809170548237217,0.03000272733404249
14.225999999999999,-0.030218425294908004,0.0007537103586895788,0.030227823385231226
14.244,-0.030425727179323205,0.0011020027773724673,0.030445677599816093
14.261999999999999,-0.030620402444094516,0.0014635044774612474,0.030655356647637595
14.28,-0.03080079984803632,0.0018388630857763709,0.0308556427372211
14.298,-0.030964821577072144,0.0022288453765213485,0.031044933999162458
14.315999999999999,-0.03110976471828545,0.0026343362757726197,0.031221101653223733
14.334,-0.03123209497711869,0.003056319633820694,0.03138128178331536
14.351999999999999,-0.03132711913836236,0.003495820445248474,0.031521566491761896
14.37,-0.03138850489507323,0.003953767854505499,0.03163653773400871
14.388,-0.031407570096958416,0.004430696690948195,0.03171855186736204
14.405999999999999,-0.03137222766989916,0.004926118697793029,0.03175662630691007
14.424,-0.031265438099005234,0.0054372116368775775,0.031734695364961756
14.442,-0.031063044418754033,0.0059560854963982045,0.03162890581417402
14.459999999999999,-0.03073116414550879,0.0064640742146557986,0.03140364159123561
14.478,-0.030224653084544934,0.006919955813406559,0.03100669996211449
14.495999999999999,-0.029492925527589607,0.0072369500540802574,0.030367846519982266
14.514,-0.028513359518803575,0.0072456594768523725,0.02941957260571688
14.532,-0.027397823317650335,0.006672047528015603,0.028198527280006727
14.549999999999999,-0.026584908181396427,0.005274703964817222,0.027103133489132528
14.568,-0.026797098258840225,0.003317803096788044,0.027001709065964587
14.585999999999999,-0.0282563894851482,0.0017622501246086742,0.0283112887774131
14.604,-0.030234269912482764,0.001286655823937202,0.030261635123537724
14.622,-0.031965248368474586,0.0016982780946528681,0.032010330391063525
14.639999999999999,-0.03321617652987896,0.0025343574807670495,0.03331272055993629
14.658,-0.03405126907444104,0.003496783468468738,0.034230343559557515
14.676,-0.03458316563719297,0.004457040369022056,0.034869192051732674
14.693999999999999,-0.03489204802430781,0.005371531927462119,0.03530309293218297
14.712,-0.03501530033206822,0.006225200437378257,0.03556436949856515
14.729999999999999,-0.03494965414248724,0.00699516523247847,0.0356428206138228
14.748,-0.0346580666674593,0.007600344690504927,0.035481640668668914
14.766,-0.03415297369414516,0.007793789364469011,0.03503096865361678
14.783999999999999,-0.033929696932244534,0.007212834976959499,0.03468788437363706
14.802,-0.03491569115942413,0.0066029791335774635,0.03553455814525837
14.819999999999999,-0.03619008959948037,0.007136103805765538,0.03688694298454507
14.838,-0.03682747011302589,0.008123111133844962,0.03771269666065542
14.856,-0.03699488854132872,0.008966054594242387,0.038065889102610884
14.873999999999999,-0.03699460830352593,0.009303071956992204,0.0381464046977993
14.892,-0.0381231679357678,0.009400395599262543,0.03926504005959231
14.91,-0.03875543373569117,0.011067758617658685,0.040304825081624
14.927999999999999,-0.038582006377205325,0.012218873698907957,0.040470632445769573
14.946,-0.038384565166316754,0.013086965888814408,0.04055420470410201
14.963999999999999,-0.03815758140665451,0.013853193761138766,0.040594482336755076
14.982,-0.03783380203942054,0.014511716328340751,0.04052143244694459
15.0,-0.03742338344454765,0.014892749488353733,0.04027783032588155
15.017999999999999,-0.0373224640749161,0.01488805611678882,0.040182341140855095
15.036,-0.037756033241748754,0.015099013224244078,0.04066322966142673
15.053999999999998,-0.03816706029097925,0.0157382855551867,0.04128459910755878
15.072,-0.038385046263121565,0.016510664397123932,0.04178533014655309
15.09,-0.03848425215394867,0.017292506293966583,0.042190857277087615
15.107999999999999,-0.03852062596534147,0.018066141710624414,0.04254672844144544
15.126,-0.038520035448119834,0.01883769718666638,0.042879505200281255
15.144,-0.03849333155521143,0.01961669619908322,0.04320360336808218
15.161999999999999,-0.03844426390189067,0.020412638268661413,0.043527430754013434
15.18,-0.03837272677697679,0.021235094642169067,0.04385653206493178
15.197999999999999,-0.038275876405841756,0.022094507649766868,0.044195135285694964
15.216,-0.03814815382605284,0.023003234509953934,0.04454694645265964
15.234,-0.037980471116113,0.023976909404318555,0.04491556935835049
15.251999999999999,-0.03775833899241684,0.025036390731064236,0.04530466890183378
15.27,-0.03745813946378476,0.026210753518076266,0.04571778441781379
15.287999999999998,-0.03703959030140871,0.027542084313848938,0.0461573142421369
15.306,-0.03642955374450275,0.02909319580736326,0.046621094241868596
15.324,-0.035484200560540004,0.03095894605478741,0.04709123942140262
15.341999999999999,-0.03389130284743657,0.03327422512459425,0.047495204666774954
15.36,-0.030891916604599945,0.03615061543008051,0.04755184021128029
15.378,-0.02450420104163961,0.03900384268784483,0.04606251852761894
15.395999999999999,-0.01164095283960542,0.035920594295526125,0.0377597785687059
15.414,-0.00801318963154166,0.01573874216361649,0.017661234751960186
15.431999999999999,-0.023243555799125386,0.008448381908237757,0.024731317050543312
15.45,-0.0314808843006406,0.012279597487409094,0.033791043055861766
15.468,-0.03463647078532039,0.01630874108152902,0.038283941073597755
15.485999999999999,-0.035893612615471464,0.019417036686808678,0.040808978672424605
15.504,-0.036367325648667514,0.021855903392412643,0.04242950492210231
15.521999999999998,-0.03645590811920469,0.02386792124967941,0.04357419995337599
15.54,-0.03631715901557074,0.025604297111363042,0.04443552710983864
15.558,-0.03601786033082251,0.027154465176644244,0.045107108551094496
15.575999999999999,-0.0355861012946223,0.028570112050475677,0.045635752518478914
15.594,-0.035032178495679876,0.029878843559433873,0.046043444947161574
15.612,-0.034358324043401604,0.031091576426577755,0.04633767965447897
15.629999999999999,-0.033564255807984625,0.03220666286545214,0.046516968956206974
15.648,-0.032651194845810416,0.03321258075587023,0.046574414063134256
15.665999999999999,-0.031625312914564115,0.034090378608677085,0.04650069172202758
15.684,-0.030500729526592385,0.03481668778711963,0.04628710673740701
15.702,-0.02930163098764253,0.035367746696057245,0.04592889161402048
15.719999999999999,-0.028062761363799295,0.035724366081498,0.04542850324726131
15.738,-0.026827568072740088,0.03587710853946393,0.04479827369274377
15.755999999999998,-0.02564380369514995,0.03583038601509856,0.044061561819190624
15.774,-0.02455729596663733,0.03560406996042956,0.04325171190762493
15.792,-0.023605472471958308,0.03523180952439318,0.04240871057916643
15.809999999999999,-0.02281250596674886,0.03475638883527508,0.04157423472959889
15.828,-0.022187372403853222,0.0342235291120379,0.04078638791398147
15.846,-0.021724989499878878,0.033675951356863465,0.040075489623455404
15.863999999999999,-0.02140957057925376,0.03314911090344199,0.03946179501843201
15.882,-0.021218870430005105,0.032669155826943866,0.03895528468347376
15.899999999999999,-0.021128158388615603,0.03225286429587588,0.03855705294991583
15.918,-0.021113242747302856,0.03190889029789679,0.03826155118849403
15.936,-0.021152365952730182,0.03163960203528406,0.03805899371172825
15.953999999999999,-0.021227114611845767,0.03144297406344783,0.03793746186421924
15.972,-0.021322621292601394,0.03131422641194668,0.03788449490974319
15.989999999999998,-0.021427336343959484,0.03124709381266148,0.03788814609524243
16.008,-0.021532587867133596,0.031234726649509954,0.03793758675937936
16.026,-0.02163207534314105,0.03127028184423932,0.03802337715497526
16.043999999999997,-0.021721381035779943,0.03134727803347035,0.03813751741014658
16.061999999999998,-0.021797539913734842,0.03145978436142813,0.03827336904896695
16.08,-0.02185868187443697,0.03160249891733031,0.03842551120164445
16.098,-0.021903745201894125,0.03177075834968731,0.03858957294378529
16.116,-0.02193225319908433,0.03196050761182607,0.03876206621420402
16.134,-0.02194414354978726,0.032168249045911215,0.03894023218746182
16.152,-0.021939640010732224,0.03239098297014205,0.039121906670975974
16.17,-0.0219191571907925,0.03262614709214222,0.03930540581183167
16.188,-0.021883230700154854,0.032871558872762975,0.03948943110000095
16.206,-0.02183246647217839,0.03312536292607281,0.039672991584235644
16.223999999999997,-0.021767504407265856,0.03338598429054156,0.03985534086127763
16.241999999999997,-0.021688992607965543,0.033652087673804544,0.04003592643056748
16.259999999999998,-0.02159756937007342,0.0339225423722074,0.04021434922623192
16.278,-0.02149385079199474,0.03419639237138379,0.04039033143075417
16.296,-0.02137842239748397,0.034472831063514904,0.04056369097775599
16.314,-0.021251833567570773,0.034751180018457443,0.04073432143363829
16.332,-0.021114593874134318,0.035030871287100376,0.040902176196420455
16.35,-0.020967170622949623,0.03531143277660105,0.0410672561619144
16.368,-0.020809987065554914,0.03559247630744133,0.04122960018438616
16.386,-0.020643420839564514,0.03587368803588482,0.04138927780543352
16.404,-0.020467802254239047,0.03615482100039759,0.0415463838461234
16.421999999999997,-0.02028341205615821,0.03643568962749164,0.041701034558758926
16.439999999999998,-0.020090478288198817,0.03671616611398232,0.04185336512107636
16.458,-0.019889171787842,0.03699617869369235,0.042003528332056894
16.476,-0.019679599745009244,0.03727571190479031,0.042151694439639
16.494,-0.019461796531139622,0.037554809110686545,0.04229805210124437
16.512,-0.01923571067847634,0.03783357771022343,0.042442810553279385
16.53,-0.01900118636015237,0.03811219772885009,0.0425862031509761
16.548000000000002,-0.01875793687380098,0.038390934854380776,0.04272849254016354
16.566,-0.01850550624452569,0.03867015953763485,0.04286997784035246
16.584,-0.018243212736872457,0.038950374632316626,0.043011004347266756
16.601999999999997,-0.017970064045549686,0.03923225538585953,0.04315197636797719
16.619999999999997,-0.01768462674380941,0.039516707721537606,0.043293373768017764
16.637999999999998,-0.017384819185417993,0.03980495417281232,0.04343577229438157
16.656,-0.017067570986711637,0.040098662305580644,0.04357986574191613
16.674,-0.01672823867720527,0.04040013889804598,0.043726481589798125
16.692,-0.016359550142542853,0.040712624361395,0.04387656166176228
16.71,-0.015949575543519993,0.04104072779086884,0.04403101517819735
16.728,-0.015477516926413342,0.041390992547702454,0.0441901323181021
16.746,-0.014904096694931881,0.04177219086648043,0.04435141517558995
16.764,-0.014146813410392003,0.04219251886759767,0.04450102221366418
16.782,-0.013006175354538244,0.042634375080022005,0.04457410162658356
16.799999999999997,-0.010918211344460657,0.042845009082166374,0.04421427532158848
16.817999999999998,-0.006829009391368253,0.04031358659267563,0.040887903262854554
16.836,-0.01132469553160836,0.03257196105154372,0.03448450921249875
16.854,-0.016072365399751497,0.03631999062629462,0.03971728400378427
16.872,-0.01609947441670501,0.03879291318763549,0.042000990346390196
16.89,-0.01562531571167788,0.04004495254869829,0.042985447720328626
16.908,-0.015138550770113448,0.040816890503301936,0.04353382902729603
16.926,-0.014686269325503395,0.04136815475775863,0.043897730405604
16.944,-0.014264851808548055,0.04180202633142463,0.04416894160530627
16.962,-0.013866154047548845,0.04216624032206102,0.04438763398704824
16.979999999999997,-0.013483560593381488,0.04248556437796582,0.04457386663494282
16.997999999999998,-0.013112288034714547,0.04277403457626056,0.04473868718946112
17.016,-0.012748928587812649,0.043040171895405724,0.04488865755314163
17.034,-0.012391024848782026,0.043289442684658445,0.045027917393007
17.052,-0.012036766098835139,0.04352551705740947,0.045159211388518625
17.07,-0.01168478290727455,0.04375095634988726,0.045284438089920866
17.088,-0.011334008601985806,0.043967609811077224,0.04540496078061319
17.106,-0.010983584239214961,0.04417685438544441,0.045521792431018025
17.124,-0.010632791533424009,0.04437974562121274,0.04563571054773668
17.142,-0.010281003629824662,0.044577116149843506,0.04574733128689702
17.159999999999997,-0.009927647031058738,0.04476964217375981,0.045857159047849684
17.177999999999997,-0.009572170064993186,0.044957889897072334,0.045965620889425934
17.195999999999998,-0.009214014465551278,0.04514234913279994,0.046073091363603894
17.214,-0.008852587209602927,0.0453234586281638,0.04617991124203793
17.232,-0.008487229845038333,0.045501626058282146,0.04628640237035333
17.25,-0.008117182180285452,0.045677244663238525,0.04639288012802499
17.268,-0.007741536294282405,0.045850707864793526,0.04649966447081453
17.286,-0.007359175133225346,0.04602242270662588,0.04660709013046015
17.304,-0.006968687016599856,0.046192822431866724,0.046715516083602214
17.322,-0.0065682422851016655,0.04636237766760427,0.046825333631586315
17.34,-0.006155409367350277,0.04653160397288736,0.04693697085208301
17.357999999999997,-0.005726871320777449,0.04670105965000289,0.04705088763836312
17.375999999999998,-0.005277973432613905,0.04687131857831859,0.04716754719959065
17.394,-0.004801972769200814,0.047042880207300186,0.047287329388267865
17.412,-0.0042887379193945335,0.047215919948115415,0.04741029813751539
17.43,-0.0037223818718372945,0.04738961980705938,0.04753558869160471
17.448,-0.0030767062027015415,0.04756032805572068,0.04765974114308127
17.466,-0.0023058992623498863,0.04771616607218403,0.04777185024715237
17.484,-0.0013246026483212854,0.04781958025165468,0.047837922484367794
17.502,3.3333868464273777e-05,0.04774291819387936,0.047742929830648685
17.52,0.002046820201788942,0.0469964802595506,0.04704103134206117
17.537999999999997,0.004292340861791042,0.043769979737538434,0.04397994220435409
17.555999999999997,0.0009883036170293441,0.038402440435017636,0.038415155543151336
17.573999999999998,-0.004015936755401972,0.040361139747951365,0.040560440699985593
17.592,-0.004629603572869791,0.04315632994374444,0.043403940413921656
17.61,-0.004137276671826845,0.04468633979558945,0.04487745561622365
17.628,-0.0035120666725561196,0.04555350925835075,0.045688694641706794
17.646,-0.0029124639563825883,0.04609350590073197,0.04618542770742781
17.664,-0.0023554547595635482,0.046450455826256704,0.04651013882575901
17.682,-0.0018345025832451043,0.04668585285264358,0.046721881985924134
17.7,-0.0013411690799854823,0.04681841772130786,0.046837623471179486
17.718,-0.0008705022814969434,0.046827935333513156,0.046836025683460604
17.735999999999997,-0.00043190883479329504,0.04661014168432718,0.04661214276424789
17.753999999999998,-0.0001525434636278123,0.04566953331232107,0.045669788071256684
17.772,-0.010801604948900407,0.037557322531935444,0.03907975364865975
17.79,0.00027053739177037043,0.05087589100003291,0.05087661029911069
17.808,0.0010896831518039083,0.04978498816490173,0.04979691211260725
17.826,0.002811768092215062,0.04953586310148239,0.04961560009727992
17.844,0.00168274649076005,0.04895891741841529,0.04898782737104569
17.862,0.002188123601962095,0.049092594381515475,0.04914133400718247
17.88,0.002631863579153933,0.04915070161223412,0.049221115132371304
17.898,0.003056012756886263,0.04920380180639165,0.04929861383622182
17.915999999999997,0.003471843616100455,0.04925823324770982,0.04938043378485494
17.933999999999997,0.0038842823594380915,0.04931395444625962,0.04946669336609848
17.951999999999998,0.004296390012076517,0.04937005168596534,0.04955664406122311
17.97,0.0047107514347888065,0.049425528941402855,0.04964951248721195
17.988,0.005130211544048877,0.049479295263587665,0.04974454472872358
18.006,0.005558614574764055,0.04952985520474431,0.04984079406062584
18.024,0.006002008577886998,0.04957453941066953,0.04993655038895914
18.042,0.0064711454870170085,0.04960737030081905,0.050027661469198466
18.06,0.0069873118773101685,0.04961186274886131,0.05010149152153709
18.078,0.007595001196529435,0.04953006662630577,0.05010899662916403
18.095999999999997,0.008331750737638728,0.049091943875981134,0.04979394565483463
18.113999999999997,0.008011651225388442,0.04776759073138248,0.04843479410132891
18.131999999999998,0.007042369677069875,0.04876600999260203,0.04927188550549972
18.15,0.007605954379195845,0.04946700536970126,0.05004832826643125
18.168,0.008181585926915256,0.04972247807350517,0.05039110213172262
18.186,0.008690071419624194,0.049853082616604705,0.050604813878288135
18.204,0.009158907047705892,0.04993847925574699,0.050771421968319824
18.222,0.00960522356762942,0.05000314164718499,0.05091733000042902
18.24,0.010038232591795157,0.0500564384347484,0.051053042439591544
18.258,0.01046312565500866,0.050102575172065254,0.0511834449538613
18.276,0.010883024013138065,0.05014367189432459,0.0513110908353761
18.293999999999997,0.011299921941965763,0.05018089418841081,0.05143744139673941
18.311999999999998,0.011715165205702403,0.05021492662201524,0.05156339740020313
18.33,0.012129707860588267,0.050246191893790426,0.05168955032316326
18.348,0.012544257566332734,0.05027496069669723,0.05181631085811635
18.366,0.012959361763053215,0.05030141044885961,0.05194397896243922
18.384,0.013375460936838415,0.05032565837437827,0.05207278412076235
18.402,0.013792922772744451,0.05034778094329466,0.05220290954083764
18.42,0.01421206478708806,0.050367825685338215,0.052334507256503376
18.438,0.014633169785057703,0.05038581854887982,0.052467707866829555
18.456,0.015056496720916855,0.05040176855229429,0.05260262699434337
18.473999999999997,0.015482288537999708,0.050415670726972985,0.05273936967033677
18.491999999999997,0.015910777981227482,0.05042750794177857,0.05287803337101384
18.509999999999998,0.016342192022961548,0.050437251966146984,0.05301871015039828
18.528,0.01677675532534319,0.050444863992398226,0.05316148815127344
18.546,0.017214693024256454,0.0504502947549839,0.05330645267492614
18.564,0.01765623303052541,0.05045348433261432,0.0534536869273727
18.582,0.018101607984580326,0.050454361685817954,0.05360327251904269
18.6,0.018551056960584778,0.050452843960203234,0.05375528976786821
18.618,0.019004826988096513,0.05044883557025098,0.05390981783721498
18.636,0.01946317443945217,0.050442227067262216,0.054066934726927
18.654,0.01992636631644133,0.050432893786531735,0.05422671712597582
18.671999999999997,0.020394681458638843,0.05042069426189611,0.05438924012753764
18.689999999999998,0.020868411686729108,0.0504054683898645,0.05455457680092882
18.708,0.021347862886399373,0.05038703532015829,0.05472279760914446
18.726,0.021833356031235252,0.05036519104437831,0.05489396965535834
18.744,0.022325228135992692,0.05033970564951781,0.055068155736361965
18.762,0.0228238331242048,0.05031032019802893,0.055245413175301225
18.78,0.02332954258590308,0.05027674319111602,0.055425792400045096
18.798,0.02384274639189243,0.05023864656686783,0.05560933522690916
18.816,0.024363853120114635,0.050195661179872696,0.05579607280215247
18.834,0.0248932902367326,0.05014737170423938,0.0559860231455437
18.851999999999997,0.02543150395920731,0.05009331089775959,0.05617918823129057
18.869999999999997,0.0259789587103115,0.05003295316169687,0.05637555053170322
18.887999999999998,0.02653613605019907,0.0499657073289426,0.05657506893814821
18.906,0.02710353294777394,0.049890908613839664,0.05677767396226767
18.924,0.02768165922212364,0.049807809660890365,0.056983262108317966
18.942,0.02827103394923296,0.04971557063825253,0.05719168929526177
18.96,0.028872180588219526,0.04961324833720721,0.057402763195582795
18.978,0.02948562053487667,0.04949978426299649,0.05761623434770738
18.996,0.030111864758734695,0.049373991738498074,0.057831785891857126
19.014,0.030751403124250395,0.04923454209370495,0.058049021777175205
19.031999999999996,0.03140469093922549,0.049079950085167565,0.058267453293848456
19.049999999999997,0.03207213221782726,0.04890855878527847,0.05848648380139494
19.067999999999998,0.03275405909737599,0.048718524306797795,0.058705391558071106
19.086,0.03345070681605338,0.04850780088849625,0.058923310612452505
19.104,0.034162183655160466,0.048274127067564745,0.05913920980385433
19.122,0.034888435291369556,0.04801501390557533,0.05935187004158061
19.14,0.03562920311367863,0.0477277365151193,0.059559860202760884
19.158,0.036383976264040385,0.047409330444437355,0.05976151221289592
19.176,0.03715193749227151,0.04705659479678572,0.059954896157849616
19.194,0.03793190340967417,0.046666104253223706,0.06013779662120649
19.212,0.03872226041406136,0.04623423237320341,0.060307691837059675
19.229999999999997,0.03952089846264172,0.04575718858059033,0.06046173767015089
19.247999999999998,0.04032514598463773,0.04523107098607442,0.060596758834360505
19.266,0.04113171050499857,0.04465193650252036,0.060709250057072194
19.284,0.04193663087888344,0.044015888408664036,0.06079538997223132
19.302,0.042735248205361925,0.043319179440829914,0.06085107021738164
19.32,0.04352220317557204,0.04255832551403432,0.06087194131793628
19.338,0.044291467372562156,0.041730221261312775,0.060853475237925884
19.356,0.04503641433526884,0.04083224386566642,0.060791041735466754
19.374,0.04574993244602667,0.03986232650185699,0.060679991702015365
19.392,0.04642457537713608,0.03881897772101646,0.060515735393797884
19.409999999999997,0.04705273659011322,0.03770121913280629,0.060293796900829345
19.427999999999997,0.04762682212757281,0.03650841168156848,0.06000981844233779
19.445999999999998,0.0481393807766377,0.035239941438086224,0.059659479163984175
19.464,0.048583132600242385,0.033894739492477115,0.059238282710723664
19.482,0.04895081497670047,0.03247061706468311,0.058741154733665674
19.5,0.04923473671078682,0.030963405966758728,0.05816177273813797
19.518,0.04942588849577037,0.029365906722888996,0.057491520516105184
19.536,0.04951238814894114,0.027666666820604868,0.056717907517588886
19.554,0.04947691680226754,0.025848655805121565,0.055822202600669106
19.572,0.04929258658108415,0.02388801556527345,0.05477587406423036
19.59,0.0489163105078997,0.021753351198613928,0.05353516341691222
19.607999999999997,0.04827815621066824,0.019406751341795765,0.0520327047609864
19.625999999999998,0.04726439341902757,0.016809502616525238,0.05016455186168402
19.644,0.04569160146418092,0.013939663627163916,0.04777066742677997
19.662,0.04327221651868743,0.010837866345222956,0.044608789149192134
19.68,0.03958888585583381,0.007714002777346481,0.04033343181723008
19.698,0.03415454157656066,0.005156667888978402,0.034541626105645803
19.716,0.026765619500122878,0.004395222021419118,0.02712409194503893
19.733999999999998,0.018354719504715615,0.007142388727514959,0.01969541684838685
19.752,0.011583124654528414,0.014140717510017187,0.018279186755992473
19.77,0.009139952211755675,0.023423572476707722,0.025143636849206143
19.787999999999997,0.011025771302499616,0.03170113327309624,0.03356381211384716
19.805999999999997,0.015160026041500917,0.037303280726658214,0.04026612897400067
19.823999999999998,0.019698917102406642,0.04043162049741012,0.04497514058959775
19.842,0.02378552220761702,0.041893560439348054,0.048174905012613685
19.86,0.027205102640331394,0.04237883159477618,0.05035953710082496
19.878,0.030002481850742797,0.04232970727345889,0.05188403449097679
19.896,0.032291367332264224,0.04200154074939611,0.0529798247402764
19.914,0.03418458271315909,0.04153572311985255,0.05379407021560898
19.932,0.03577517370375128,0.041009019859873146,0.05442060973014771
19.95,0.03713508403162168,0.04046238412778998,0.054920114669767706
19.967999999999996,0.038318669655880176,0.03991700319655494,0.0553325183629866
19.985999999999997,0.039366782083497684,0.0393831335268955,0.0556846005463528
20.003999999999998,0.04031022527237199,0.038864979377020874,0.05599465048989622
20.022,0.04117240869785235,0.038363406667827234,0.05627537835629432
20.04,0.04197130966031178,0.03787746198589585,0.05653576709566048
20.058,0.04272090814545569,0.03740522246458321,0.05678227417422996
20.076,0.04343223808383866,0.03694426363524463,0.05701962750248115
20.094,0.04411416612365511,0.036491902621557375,0.05725136338749206
20.112,0.04477397948071022,0.036045301549033626,0.057480196609787496
20.13,0.04541784081358617,0.03560147323139735,0.05770827635975758
20.148,0.04605114822112322,0.03515720344866691,0.05793735588387527
20.165999999999997,0.04667881775164462,0.03470888483407589,0.05816888096840437
20.183999999999997,0.04730547863032339,0.03425224815681545,0.05840397942126932
20.201999999999998,0.047935538077218794,0.03378199155492093,0.05864331815449431
20.22,0.04857306241772718,0.03329136991268158,0.05888682113426926
20.238,0.049221523336845784,0.03277189491379021,0.05913337007003882
20.256,0.04988374970849382,0.032213218195042165,0.059380804233868816
20.274,0.05056263855180989,0.03160269950730429,0.05962642898472071
20.291999999999998,0.05126262471899053,0.030923314444091556,0.05986742076695989
20.31,0.051990698696421776,0.03014842124429889,0.06009958447831237
20.328,0.05275517999625873,0.029232122030795952,0.060312734765230164
20.345999999999997,0.053559616208076304,0.028091941028833646,0.06047966302091883
20.363999999999997,0.05438241469213656,0.02657457085103068,0.06052813266295235
20.381999999999998,0.05510425981521265,0.024386844402802185,0.060259419427247586
20.4,0.05523384726860105,0.020994818307292905,0.05908942612555472
20.418,0.05294315516948796,0.01590300723910444,0.05528004448756791
20.436,0.04409746853904465,0.012370920326155378,0.04579985154198774
20.454,0.03437533974647522,0.02078639529645443,0.04017136059565399
20.472,0.03705604374408722,0.031812913715839386,0.04883863078604014
20.49,0.04395112492824436,0.035829898382810386,0.056705229040897635
20.508,0.049523102024796185,0.03563150980931332,0.06100936096575314
20.525999999999996,0.05309597481139801,0.03392218748118986,0.06300712138069478
20.543999999999997,0.05524266233665258,0.032022996269960025,0.06385314426202744
20.561999999999998,0.05660466477274874,0.030346546322107617,0.06422617027127715
20.58,0.05757844019317566,0.0289242464095471,0.06443515193928935
20.598,0.05836409909922762,0.027693129461687258,0.0646009093051037
20.616,0.05905653147225886,0.026588564343894745,0.06476592980420594
20.634,0.059700500220060355,0.025562135502696044,0.06494284023650043
20.652,0.060317287907569704,0.02458017406815632,0.06513340293386734
20.669999999999998,0.06091684192216169,0.023619500120247564,0.06533561368579933
20.688,0.061503277230218145,0.022664046034347154,0.0655462591816198
20.706,0.06207738416510411,0.021702764957155552,0.06576177941302574
20.723999999999997,0.0626377788370538,0.020728663557227047,0.0659785482600851
20.741999999999997,0.0631815062771021,0.019738913970956104,0.06619310734658329
20.759999999999998,0.06370473924157959,0.018736344316411573,0.06640289451658549
20.778,0.06420477995231819,0.01773317244243442,0.06660870193599869
20.796,0.06468697674613509,0.01675851471751039,0.06682254691413696
20.814,0.06518830614356558,0.015869445542804547,0.06709213485724887
20.832,0.06584983922700166,0.015141713468871923,0.06756828259616626
20.85,0.06704192608594894,0.014488699845969679,0.06858966596026288
20.868,0.06900727134621797,0.013144154499368814,0.07024793446183192
20.886,0.07070865361396557,0.010446587678035402,0.07147618407563912
20.903999999999996,0.07136390358209607,0.007284351624549051,0.07173470926312293
20.921999999999997,0.07137625746491083,0.004205412277839349,0.07150003931554053
20.939999999999998,0.07092485943342926,0.0010777125336181703,0.0709330469524383
20.958,0.06960208795308244,-0.0021522183770241628,0.0696353551823427
20.976,0.06667416213144395,-0.004214966773388466,0.06680725889325832
20.994,0.06542332470417023,-0.0030218523461371665,0.06549307602295945
21.012,0.06748775930391421,-0.0041316674125825474,0.06761411340446058
21.03,0.06841560122618975,-0.007593213772987331,0.0688356839621958
21.048,0.06804963920684935,-0.011601298646932358,0.06903146765409007
21.066,0.06671829907562875,-0.015794936326821857,0.06856246382032519
21.084,0.06445347782313646,-0.020089491343131698,0.06751176538888097
21.101999999999997,0.06113770642942939,-0.02436615845557563,0.06581435121106423
21.119999999999997,0.056600782212174267,-0.028393721365289587,0.06332339188640866
21.137999999999998,0.05070153623819483,-0.03178698569536153,0.059841943789536965
21.156,0.04343668828630923,-0.03399477935165333,0.055157872624400486
21.174,0.035079045931835334,-0.03435880165949844,0.04910261413575214
21.192,0.026288679945587937,-0.03228995717360221,0.0416381559096296
21.21,0.018081216863885148,-0.02754533283942757,0.03294959429968283
21.227999999999998,0.011565802461150692,-0.02045924477642504,0.023502095297909815
21.246,0.007543373387307454,-0.011921738274397221,0.014107810799112878
21.264,0.006229387320121242,-0.0030622500447850397,0.006941371746338997
21.281999999999996,0.007284130642862135,0.005147020564067341,0.008919101967643112
21.299999999999997,0.010068813258584377,0.012117272772324413,0.015754659624224166
21.317999999999998,0.013915205545393295,0.01764228053994078,0.02246960186608827
21.336,0.018281371793543263,0.021774848746560965,0.028431542212644163
21.354,0.02279276561613923,0.024693521004481977,0.03360476371038861
21.372,0.027220243343558506,0.026610305890223302,0.03806638973233204
21.39,0.03143906538578565,0.027722151050607997,0.0419157785470392
21.408,0.035390883295441045,0.028192012717359067,0.04524714578277025
21.426,0.039055232085017516,0.028145713374887422,0.04814033999252496
21.444,0.0424300600476733,0.027675727253638958,0.050658226130283875
21.461999999999996,0.045518818178254546,0.026847375961172728,0.052846422815035946
21.479999999999997,0.04832170158624597,0.025705691426992673,0.05473362235344899
21.497999999999998,0.05082938007748035,0.02428279947226303,0.05633187578335284
21.516,0.05301855572934448,0.022606583796109112,0.057637009660079605
21.534,0.05485001468075131,0.02071178669904009,0.05863021591931219
21.552,0.056271683424711234,0.018654255196452144,0.059283080152647966
21.57,0.05723126419239601,0.01652675670655124,0.059569717879954465
21.588,0.05770342095399547,0.014469477741656732,0.059489919952125526
21.605999999999998,0.05773087843039741,0.012661029645059146,0.05910292713578907
21.624,0.05746363662991091,0.011274197271692451,0.05855917570163941
21.642,0.05716403671472434,0.010397419277592624,0.058101922697587266
21.659999999999997,0.05715258185475781,0.009954937909670841,0.05801308819094354
21.677999999999997,0.05770930275320989,0.009667391888797353,0.05851343512556089
21.695999999999998,0.05896686199771398,0.009048974497647553,0.0596571433553143
21.714,0.06075578555464708,0.007391355000436789,0.06120373850595031
21.732,0.06216997667271586,0.0038330845951605333,0.06228802884182233
21.75,0.06080623898447128,-0.0015515538994002893,0.0608260307675865
21.768,0.05477902173911116,-0.004847315634586714,0.0549930694865755
21.786,0.048721219908833414,-0.0022330770010531697,0.04877236822523116
21.804,0.04695001041845685,0.0026222999831881292,0.04702318508454138
21.822,0.048050485551356895,0.00631806114688459,0.048464080083882026
21.839999999999996,0.05019161649129216,0.008487470379272732,0.050904179783667895
21.857999999999997,0.052600763464400284,0.009533551287884787,0.05345773019121292
21.875999999999998,0.05503995515952827,0.009783670132400911,0.05590274470204943
21.894,0.057461700026830896,0.00940510325793684,0.058226307948091235
21.912,0.05987911725955204,0.00843057213243578,0.06046968852461029
21.93,0.06230993196368217,0.006757303606718777,0.06267526444580888
21.948,0.06470917619007985,0.004089123091380396,0.06483824805510446
21.966,0.06675762683153152,-0.00020321387273725122,0.06675793612789487
21.983999999999998,0.06706581895208355,-0.007160139688186383,0.06744695450550744
22.002,0.0610554069280647,-0.016305441036818833,0.06319517483603275
22.02,0.045689226644100085,-0.01688178893807267,0.04870831786343661
22.038,0.0386245724436108,-0.003946886231561394,0.03882570678528116
22.055999999999997,0.04253200069069755,0.005250148009507712,0.04285481462887495
22.073999999999998,0.047834832976797956,0.008783285951364336,0.04863452845480864
22.092,0.05216637624263833,0.009734752851145223,0.05306690327653745
22.11,0.055580960067945766,0.009599669496977567,0.05640387199940961
22.128,0.058372609009842896,0.008949700552692199,0.05905470872503607
22.145999999999997,0.06076458209853676,0.00799992513753372,0.06128893244147721
22.163999999999998,0.06290646442226754,0.006818008490143984,0.06327486472432546
22.182,0.06489674043194353,0.00539278819029782,0.0651204198631771
22.2,0.06679066873547469,0.0036476241555711067,0.06689019802715658
22.218,0.06857842488365995,0.0014259515278774856,0.06859324819020926
22.235999999999997,0.07009720614883923,-0.0015293153144892027,0.07011388675008678
22.253999999999998,0.07080257509417065,-0.00550330412613136,0.07101613194387855
22.272,0.0694693668149251,-0.010251576553873583,0.07022170424809232
22.29,0.06506120373030184,-0.01366476146269427,0.06648071853303164
22.308,0.05985585323132369,-0.013002297148580293,0.061251799134309046
22.326,0.057450284277419675,-0.009757777338272093,0.05827305880198525
22.343999999999998,0.0576894648730452,-0.006926251274941555,0.05810376333820337
22.362,0.05901881077720831,-0.005317266395138753,0.05925785473228669
22.38,0.06058343709811468,-0.00466482647352403,0.060762763734455896
22.398,0.06208738670285064,-0.004627503688749937,0.06225959667375552
22.416,0.06345558091919176,-0.00497883167256989,0.06365060498232424
22.433999999999997,0.06468373615228776,-0.005585325060843995,0.06492442975224404
22.451999999999998,0.06578651797648816,-0.006369497762116017,0.06609414837345587
22.47,0.06678113287289256,-0.007285932211423694,0.06717741075671488
22.488,0.06768263259639425,-0.008307817183982059,0.06819060478937664
22.506,0.06850294101699855,-0.00941953980060862,0.06914752821347725
22.523999999999997,0.0692509710788725,-0.010612565092742205,0.07005942858184418
22.541999999999998,0.06993297327996241,-0.011883104449145344,0.0709353855499865
22.56,0.07055284460587526,-0.013230783192047776,0.07178271035462339
22.578,0.07111231875081128,-0.014657887897129096,0.07260726930357449
22.596,0.07161101576821587,-0.016168966322012833,0.07341371160265667
22.613999999999997,0.07204633947230075,-0.0177706538265257,0.0742056006564209
22.631999999999998,0.07241320312205714,-0.019471653618921655,0.07498544712843666
22.65,0.07270354693194928,-0.02128282519344324,0.07575463276064912
22.668,0.07290558578116231,-0.023217345166261807,0.07651319856510873
22.686,0.07300268949823736,-0.02529089923334912,0.07725944769416537
22.703999999999997,0.07297174613199958,-0.027521838510284086,0.07798927700997844
22.721999999999998,0.07278078332945598,-0.029931174576659936,0.07869509281770821
22.74,0.07238551581022123,-0.032542166221887034,0.07936406920971678
22.758,0.07172434317308872,-0.03537900885275736,0.07997534414439542
22.776,0.0707111582159996,-0.03846365958452225,0.08049547195266414
22.794,0.06922523323415374,-0.041808895341766364,0.08087098766567499
22.811999999999998,0.06709775538671367,-0.04540390494288634,0.08101619197418453
22.83,0.06409627592989933,-0.04918543565927355,0.08079319073458066
22.848,0.05991418650629797,-0.05298226548394407,0.07998018629962417
22.866,0.05418917258585792,-0.05641553127239477,0.0782251787743975
22.884,0.04661544784903527,-0.058746211230754845,0.07499411518335684
22.901999999999997,0.03728523207602174,-0.05873790342948215,0.06957247897160178
22.919999999999998,0.027396555148355636,-0.05487649057006122,0.061335148579610616
22.938,0.019893765449524935,-0.04677205532789416,0.05082703083356636
22.956,0.017545490285531117,-0.0378675877010516,0.041734858663430276
22.974,0.016250487676735682,-0.032707395247510346,0.03652193934621491
22.991999999999997,0.011852448203684283,-0.02484434441501464,0.02752675022288116
23.009999999999998,0.012692665681242065,-0.012628362514080907,0.017904728478332865
23.028,0.019306559004542964,-0.0031681953411690712,0.019564781683313118
23.046,0.02754540021415504,0.001942452840671984,0.027613804446258525
23.064,0.03526106423578024,0.003910111351749371,0.035477198618590215
23.081999999999997,0.04184317543999888,0.003983370664372543,0.042032351501579225
23.099999999999998,0.04727926505580488,0.002987270658332463,0.04737354420141253
23.118,0.0517319212843292,0.0014102113284422053,0.051751138883689304
23.136,0.05538719716609752,-0.00046917417090331363,0.055389184272011116
23.154,0.058408451073826306,-0.0024946320857263085,0.0584616998220775
23.171999999999997,0.060927335172891145,-0.004580107517540041,0.061099243498934135
23.189999999999998,0.0630465114072042,-0.00667988546572738,0.06339939645181147
23.208,0.0648451111190724,-0.008771710669644925,0.06543570389410364
23.226,0.0663840033394331,-0.010847292428731137,0.06726440107816521
23.244,0.06771008909690789,-0.012907042473968823,0.06892929646337644
23.262,0.06885955144674188,-0.014957320385378671,0.07046530535346708
23.279999999999998,0.06986017457615354,-0.017009282528060075,0.07190104090992021
23.298,0.07073282676489118,-0.01907893253450017,0.07326075653996561
23.316,0.07149207347761659,-0.021188339319137314,0.0745658252367117
23.334,0.0721456114747792,-0.023368366458761843,0.07583580820444111
23.352,0.07269158774298078,-0.025663808449555965,0.07708889668902373
23.369999999999997,0.07311124978996156,-0.028142803404095217,0.07834074437539962
23.387999999999998,0.0733497121655652,-0.030914086824169094,0.07959812208176477
23.406,0.07326272875070583,-0.03415721654891897,0.08083404521839324
23.424,0.07245552445878148,-0.038158751064000455,0.08188951891030645
23.442,0.06976627173098353,-0.04319293049747743,0.0820546276342861
23.459999999999997,0.0621031290537879,-0.047808803561785934,0.07837397741776839
23.477999999999998,0.0498637601028127,-0.04223252018832694,0.06534508652567765
23.496,0.05165785167255568,-0.02899779961208192,0.059240239886129954
23.514,0.059704974293707476,-0.026043120771646402,0.06513776243423496
23.532,0.0646459065876415,-0.027688059004280324,0.07032582633686274
23.549999999999997,0.06734123080968821,-0.030094468966125967,0.07375987004677285
23.567999999999998,0.0688868036301862,-0.032462980988532786,0.07615272056233892
23.586,0.0698145323835717,-0.03467736702882475,0.07795247729218491
23.604,0.07037760882043256,-0.0367497748757668,0.07939492286476112
23.622,0.0707049010092582,-0.03871033106704284,0.0806081432489861
23.639999999999997,0.07086679677274979,-0.04058586999878778,0.08166587860538037
23.657999999999998,0.0709041095338476,-0.04239713642901205,0.08261301305586256
23.676,0.07084163583928854,-0.04415964724275954,0.08347821160633073
23.694,0.0706949534082151,-0.045884976073524805,0.08428052839569558
23.712,0.07047404025238592,-0.04758181194160515,0.0850330475588238
23.73,0.07018530419266655,-0.04925673180184577,0.08574498558175925
23.747999999999998,0.06983277286030411,-0.05091474408255806,0.08642295603802966
23.766,0.0694188185001455,-0.05255966724935387,0.08707175766756374
23.784,0.06894461388874956,-0.0541943929831592,0.087694880210203
23.802,0.06841042697092163,-0.05582106880486163,0.08829483700002451
23.82,0.06781581556839927,-0.057441223817771454,0.08887338766408345
23.837999999999997,0.06715975842014686,-0.05905585348599028,0.0894316889140043
23.855999999999998,0.06644074471398113,-0.060665474127160654,0.089970396849306
23.874,0.06565683610639614,-0.062270154273966406,0.09048973555495529
23.892,0.06480571038598527,-0.0638695276743386,0.09098954150876519
23.91,0.06388469301639063,-0.06546279106850829,0.09146929001734756
23.927999999999997,0.06289078102601546,-0.06704868874905127,0.0919281077855374
23.945999999999998,0.061820662657949756,-0.06862548511514784,0.09236477433934108
23.964,0.06067073560361656,-0.07019092587122332,0.09277771409850273
23.982,0.05943712637109276,-0.07174218812959188,0.09316498027088829
24.0,0.05811571329832078,-0.07327581942081451,0.09352423131982661
